"correlationId","apiName","incidentSysId","incidentNumber","incidentStatus","createdAt","rca"
"009330d0-285a-11f1-b73d-4220cb1a75fe","sf-test-bulk-import-leads-job","","","","",""
"012cc6d0-285c-11f1-b73d-4220cb1a75fe","sf-test-bulk-import-leads-job","","","","",""
"012ffcbe-d331-483c-a3ba-0b0390d20113","logs-system-api","d32277c0838083108774c430ceaad364","INC0010051","1","2026-03-31T12:20:24.617450","The Raise Error processor at logs-system-api.xml:17 is being invoked without specifying an error type or message, causing Mule to generate a generic “Unknown” error that the DefaultExceptionListener cannot interpret. This usually happens when a conditional check triggers the Raise Error but the error definition is incomplete or the condition itself is evaluating unexpectedly (e.g., a null payload). To fix it, define a proper error type and descriptive message in the Raise Error component, and add a preceding validation or null‑check to ensure the component is only called when truly needed. Also consider adding a scoped error handler (On Error Continue/Propagate) to capture and log the error details for easier troubleshooting."
"01563b35-2529-43b5-9cf9-408d0e670f57","match papi.log","","","","",""
"016f96d0-2849-11f1-b73d-4220cb1a75fe","sf-test-bulk-import-leads-job","","","","",""
"02092cd0-284b-11f1-b73d-4220cb1a75fe","sf-test-bulk-import-leads-job","","","","",""
"02489e7a-5fa3-404a-a62b-796224bfc2cd","match papi.log","","","","",""
"02a2c2d0-284d-11f1-b73d-4220cb1a75fe","sf-test-bulk-import-leads-job","","","","",""
"033c58d0-284f-11f1-b73d-4220cb1a75fe","sf-test-bulk-import-leads-job","","","","",""
"035cc2dc-a4da-45cf-929f-b575b07c219d","match papi.log","","","","",""
"035e7a46-1372-42ac-a921-91a4525f4302","match papi.log","","","","",""
"03d5eed0-2851-11f1-b73d-4220cb1a75fe","sf-test-bulk-import-leads-job","","","","",""
"03f8c8c9-e0a6-4796-9c8b-7664e662b113","match papi.log","","","","",""
"042f2780-2bbd-4fa4-9f14-d231a1a2927f","match papi.log","","","","",""
"046f84d0-2853-11f1-b73d-4220cb1a75fe","sf-test-bulk-import-leads-job","","","","",""
"04e0bca8-ff0c-4b7f-b8dc-41f91da312ca","match papi.log","","","","",""
"05091ad0-2855-11f1-b73d-4220cb1a75fe","sf-test-bulk-import-leads-job","","","","",""
"056280ed-a032-4f93-abff-f1686dcc6088","match papi.log","","","","",""
"05a2b0d0-2857-11f1-b73d-4220cb1a75fe","sf-test-bulk-import-leads-job","","","","",""
"05b32344-5240-4168-9ea5-e4e97145edd7","match papi.log","","","","",""
"05d8d32b-5dfe-4251-81d3-d34c9f2af3ae","match papi.log","","","","",""
"05d979f8-d021-46b6-b6ad-1a116f4948e0","match papi.log","","","","",""
"060d063e-581d-491f-98e9-cd0ad33b0c9c","match papi.log","","","","",""
"063c46d0-2859-11f1-b73d-4220cb1a75fe","sf-test-bulk-import-leads-job","","","","",""
"06c66af1-2d2e-4321-abbe-7cadd27475e7","match papi.log","","","","",""
"06d5dcd0-285b-11f1-b73d-4220cb1a75fe","sf-test-bulk-import-leads-job","","","","",""
"0718acd0-2848-11f1-b73d-4220cb1a75fe","sf-test-bulk-import-leads-job","","","","",""
"072a0015-ab28-4650-a4ba-ff255d002f9d","match papi.log","","","","",""
"076f72d0-285d-11f1-b73d-4220cb1a75fe","sf-test-bulk-import-leads-job","","","","",""
"079ccc28-8c4a-4223-b5d4-48e73d600326","match papi.log","","","","",""
"07b242d0-284a-11f1-b73d-4220cb1a75fe","sf-test-bulk-import-leads-job","","","","",""
"07e0cd4b-b3ca-44b1-b063-f89379cb4da0","match papi.log","","","","",""
"084bd8d0-284c-11f1-b73d-4220cb1a75fe","sf-test-bulk-import-leads-job","","","","",""
"08e56ed0-284e-11f1-b73d-4220cb1a75fe","sf-test-bulk-import-leads-job","","","","",""
"0948a998-8f3d-4c95-ae9e-d63ca3cdcf07","match papi.log","","","","",""
"097f04d0-2850-11f1-b73d-4220cb1a75fe","sf-test-bulk-import-leads-job","","","","",""
"09c784e4-2fc7-46d8-b9fb-6c0270c3f4a8","match papi.log","","","","",""
"09f9a8c6-89eb-49b0-b14d-ccfdfbf202bb","match papi.log","","","","",""
"0a189ad0-2852-11f1-b73d-4220cb1a75fe","sf-test-bulk-import-leads-job","","","","",""
"0a68554b-e9b4-4cbe-93bd-2376c3abdf05","match papi.log","","","","",""
"0ab230d0-2854-11f1-b73d-4220cb1a75fe","sf-test-bulk-import-leads-job","","","","",""
"0ac0c9f2-791d-45fd-8316-b11e73a85703","match papi.log","","","","",""
"0b4bc6d0-2856-11f1-b73d-4220cb1a75fe","sf-test-bulk-import-leads-job","","","","",""
"0b569fb3-6e99-4fa9-89c4-6034630f8995","match papi.log","","","","",""
"0b641f43-d08c-464f-90da-201d5ea42fe2","match papi.log","","","","",""
"0be55cd0-2858-11f1-b73d-4220cb1a75fe","sf-test-bulk-import-leads-job","","","","",""
"0c3d8647-869b-48f3-89dd-d71c0c06d401","match papi.log","","","","",""
"0c7ef2d0-285a-11f1-b73d-4220cb1a75fe","sf-test-bulk-import-leads-job","","","","",""
"0d1888d0-285c-11f1-b73d-4220cb1a75fe","sf-test-bulk-import-leads-job","","","","",""
"0d5b58d0-2849-11f1-b73d-4220cb1a75fe","sf-test-bulk-import-leads-job","","","","",""
"0df4eed0-284b-11f1-b73d-4220cb1a75fe","sf-test-bulk-import-leads-job","","","","",""
"0df96ce1-cf55-40fd-b617-5d5e05223a54","as-azure-image-sync-api","9ce59046837f7a108774c430ceaad3a8","INC0010034","New","2026-03-31T12:49:36.372121","The request processor (likely an HTTP or Azure connector) failed due to a mis‑configuration such as an invalid endpoint URL, missing authentication credentials, or TLS handshake issue, causing the connector to raise an exception without a message. Because the flow has no explicit error handling, the DefaultExceptionListener caught the exception and reported it as “No message”. To resolve this, verify the connector configuration (URL, client‑id/secret, certificates) and add a proper error‑handling scope (on‑error‑continue/on‑error‑propagate) around the request processor, logging the exception (e.g., #[error.description]) and providing fallback logic. Enabling DEBUG logging for the connector will also surface the underlying cause."
"0e8e84d0-284d-11f1-b73d-4220cb1a75fe","sf-test-bulk-import-leads-job","","","","",""
"0f281ad0-284f-11f1-b73d-4220cb1a75fe","sf-test-bulk-import-leads-job","","","","",""
"0f40af1c-e0cf-4f98-b7a8-2c4534340fca","match papi.log","","","","",""
"0fc1b0d0-2851-11f1-b73d-4220cb1a75fe","sf-test-bulk-import-leads-job","","","","",""
"101279cf-0a82-4918-abc2-85cf6ba94260","match papi.log","","","","",""
"105b46d0-2853-11f1-b73d-4220cb1a75fe","sf-test-bulk-import-leads-job","","","","",""
"10f4dcd0-2855-11f1-b73d-4220cb1a75fe","sf-test-bulk-import-leads-job","","","","",""
"11143960-9b32-4683-8d02-ceca346697b1","match papi.log","","","","",""
"11523d6c-2650-4f1b-ba93-76fcdbaa9930","match papi.log","","","","",""
"11871add-fbde-4112-b02e-00bbbebef13b","match papi.log","","","","",""
"118dc82c-0483-4b5b-a736-934eb4833f4e","match papi.log","","","","",""
"118e72d0-2857-11f1-b73d-4220cb1a75fe","sf-test-bulk-import-leads-job","","","","",""
"118e8622-4736-4187-8f61-75863f78b2fa","match papi.log","","","","",""
"122808d0-2859-11f1-b73d-4220cb1a75fe","sf-test-bulk-import-leads-job","","","","",""
"12c19ed0-285b-11f1-b73d-4220cb1a75fe","sf-test-bulk-import-leads-job","","","","",""
"12e5c048-27ec-40a1-bfe4-9b5d60d9d46c","match papi.log","","","","",""
"12ece717-7087-4679-875a-8081c894c8e6","match papi.log","","","","",""
"13046ed0-2848-11f1-b73d-4220cb1a75fe","sf-test-bulk-import-leads-job","","","","",""
"135b34d0-285d-11f1-b73d-4220cb1a75fe","sf-test-bulk-import-leads-job","","","","",""
"139e04d0-284a-11f1-b73d-4220cb1a75fe","sf-test-bulk-import-leads-job","","","","",""
"13ba911d-4db1-4ce4-b3a8-8f7df51fbd7e","match papi.log","","","","",""
"14379ad0-284c-11f1-b73d-4220cb1a75fe","sf-test-bulk-import-leads-job","","","","",""
"145d0139-ccac-43aa-9d59-3c59639358b8","match papi.log","","","","",""
"1474e37d-1f96-4243-a44f-0973fb89428a","match papi.log","","","","",""
"14d130d0-284e-11f1-b73d-4220cb1a75fe","sf-test-bulk-import-leads-job","","","","",""
"1532c042-ee59-44b9-afaf-f2b7f9620064","match papi.log","","","","",""
"156ac6d0-2850-11f1-b73d-4220cb1a75fe","sf-test-bulk-import-leads-job","","","","",""
"15c4acb3-fd9a-4f2e-851c-18c0eaaa826c","match papi.log","","","","",""
"16045cd0-2852-11f1-b73d-4220cb1a75fe","sf-test-bulk-import-leads-job","","","","",""
"169bd134-e364-495d-b3d9-2b547436298d","match papi.log","","","","",""
"169df2d0-2854-11f1-b73d-4220cb1a75fe","sf-test-bulk-import-leads-job","","","","",""
"16ce3d0d-820f-4328-b442-1d1ae0727581","match papi.log","","","","",""
"173788d0-2856-11f1-b73d-4220cb1a75fe","sf-test-bulk-import-leads-job","","","","",""
"17d11ed0-2858-11f1-b73d-4220cb1a75fe","sf-test-bulk-import-leads-job","","","","",""
"186ab4d0-285a-11f1-b73d-4220cb1a75fe","sf-test-bulk-import-leads-job","","","","",""
"187eec1f-e773-474e-88ce-4db59e782d0e","match papi.log","","","","",""
"190471e0-285c-11f1-b73d-4220cb1a75fe","sf-test-bulk-import-leads-job","","","","",""
"19471ad0-2849-11f1-b73d-4220cb1a75fe","sf-test-bulk-import-leads-job","","","","",""
"19e0b0d0-284b-11f1-b73d-4220cb1a75fe","sf-test-bulk-import-leads-job","","","","",""
"1a7a46d0-284d-11f1-b73d-4220cb1a75fe","sf-test-bulk-import-leads-job","","","","",""
"1a8e5e0c-ce6a-4f3d-aa59-df81c338f4d8","match papi.log","","","","",""
"1b13dcd0-284f-11f1-b73d-4220cb1a75fe","sf-test-bulk-import-leads-job","","","","",""
"1bad72d0-2851-11f1-b73d-4220cb1a75fe","sf-test-bulk-import-leads-job","","","","",""
"1c4708d0-2853-11f1-b73d-4220cb1a75fe","sf-test-bulk-import-leads-job","","","","",""
"1ce09ed0-2855-11f1-b73d-4220cb1a75fe","sf-test-bulk-import-leads-job","","","","",""
"1d72a21e-f9fc-4441-a8be-4eaff1195e01","match papi.log","","","","",""
"1d7a34d0-2857-11f1-b73d-4220cb1a75fe","sf-test-bulk-import-leads-job","","","","",""
"1e13cad0-2859-11f1-b73d-4220cb1a75fe","sf-test-bulk-import-leads-job","","","","",""
"1ead60d0-285b-11f1-b73d-4220cb1a75fe","sf-test-bulk-import-leads-job","","","","",""
"1ef030d0-2848-11f1-b73d-4220cb1a75fe","sf-test-bulk-import-leads-job","","","","",""
"1f46f6d0-285d-11f1-b73d-4220cb1a75fe","sf-test-bulk-import-leads-job","","","","",""
"1f89c6d0-284a-11f1-b73d-4220cb1a75fe","sf-test-bulk-import-leads-job","","","","",""
"20235cd0-284c-11f1-b73d-4220cb1a75fe","sf-test-bulk-import-leads-job","","","","",""
"2029b1d2-c8c9-407f-807b-9e35735ee66b","match papi.log","","","","",""
"20bcf2d0-284e-11f1-b73d-4220cb1a75fe","sf-test-bulk-import-leads-job","","","","",""
"215688d0-2850-11f1-b73d-4220cb1a75fe","sf-test-bulk-import-leads-job","","","","",""
"216fcd69-3fd8-4bb7-886e-a61318e56634","match papi.log","","","","",""
"21f01ed0-2852-11f1-b73d-4220cb1a75fe","sf-test-bulk-import-leads-job","","","","",""
"22740514-bd76-4a82-bdf9-a6bbcf459b66","match papi.log","","","","",""
"2289b4d0-2854-11f1-b73d-4220cb1a75fe","sf-test-bulk-import-leads-job","","","","",""
"22f5b716-18eb-42bf-9f3d-b9293af9b432","match papi.log","","","","",""
"23234ad0-2856-11f1-b73d-4220cb1a75fe","sf-test-bulk-import-leads-job","","","","",""
"23bce0d0-2858-11f1-b73d-4220cb1a75fe","sf-test-bulk-import-leads-job","","","","",""
"23db8e68-293e-47d9-93ef-f72fdde44dad","match papi.log","","","","",""
"245676d0-285a-11f1-b73d-4220cb1a75fe","sf-test-bulk-import-leads-job","","","","",""
"247adcfc-6ce0-4f1d-872c-ebf52f7626cf","match papi.log","","","","",""
"24d5f248-3841-451a-ad03-066211b6fe9c","match papi.log","","","","",""
"24f00cd0-285c-11f1-b73d-4220cb1a75fe","sf-test-bulk-import-leads-job","","","","",""
"2532dcd0-2849-11f1-b73d-4220cb1a75fe","sf-test-bulk-import-leads-job","","","","",""
"25cc72d0-284b-11f1-b73d-4220cb1a75fe","sf-test-bulk-import-leads-job","","","","",""
"25e77777-c3a2-47d7-954a-895a862f51a5","match papi.log","","","","",""
"25f3e2e9-4dec-457a-9289-c4412ec8588c","match papi.log","","","","",""
"266608d0-284d-11f1-b73d-4220cb1a75fe","sf-test-bulk-import-leads-job","","","","",""
"26ff9ed0-284f-11f1-b73d-4220cb1a75fe","sf-test-bulk-import-leads-job","","","","",""
"27891d9d-5f27-4653-8910-6fd8a9985ac3","match papi.log","","","","",""
"279934d0-2851-11f1-b73d-4220cb1a75fe","sf-test-bulk-import-leads-job","","","","",""
"2802a757-41f7-4673-9301-dfcf4652c509","match papi.log","","","","",""
"283067ca-1eee-412e-939f-ff9bc7431855","match papi.log","","","","",""
"2832cad0-2853-11f1-b73d-4220cb1a75fe","sf-test-bulk-import-leads-job","","","","",""
"287049df-10b3-4b40-adf6-cdbb15ddb89f","match papi.log","","","","",""
"2873c403-b4bd-4ba7-9bb4-1db72f04c1df","match papi.log","","","","",""
"288ae07d-5ba1-4073-b92f-4f5fc3b56b38","match papi.log","","","","",""
"28cc60d0-2855-11f1-b73d-4220cb1a75fe","sf-test-bulk-import-leads-job","","","","",""
"2965f6d0-2857-11f1-b73d-4220cb1a75fe","sf-test-bulk-import-leads-job","","","","",""
"29a1b0e8-e9a8-4405-9f51-72bf15284af6","match papi.log","","","","",""
"29ff8cd0-2859-11f1-b73d-4220cb1a75fe","sf-test-bulk-import-leads-job","","","","",""
"2a414fa3-bbd9-449e-a16b-8393a990efec","match papi.log","","","","",""
"2a9922d0-285b-11f1-b73d-4220cb1a75fe","sf-test-bulk-import-leads-job","","","","",""
"2adbf2d0-2848-11f1-b73d-4220cb1a75fe","sf-test-bulk-import-leads-job","","","","",""
"2b32b8d0-285d-11f1-b73d-4220cb1a75fe","sf-test-bulk-import-leads-job","","","","",""
"2b7588d0-284a-11f1-b73d-4220cb1a75fe","sf-test-bulk-import-leads-job","","","","",""
"2c0f1ed0-284c-11f1-b73d-4220cb1a75fe","sf-test-bulk-import-leads-job","","","","",""
"2ca8b4d0-284e-11f1-b73d-4220cb1a75fe","sf-test-bulk-import-leads-job","","","","",""
"2d424ad0-2850-11f1-b73d-4220cb1a75fe","sf-test-bulk-import-leads-job","","","","",""
"2dc01e03-076d-4a3a-b8de-652461cb1031","match papi.log","","","","",""
"2ddbe0d0-2852-11f1-b73d-4220cb1a75fe","sf-test-bulk-import-leads-job","","","","",""
"2dde0c5e-4004-4769-819c-6373354bb2d3","match papi.log","","","","",""
"2e7576d0-2854-11f1-b73d-4220cb1a75fe","sf-test-bulk-import-leads-job","","","","",""
"2ec737d1-bd8b-4e7b-bfd1-d1a677c71fde","match papi.log","","","","",""
"2f0f0cd0-2856-11f1-b73d-4220cb1a75fe","sf-test-bulk-import-leads-job","","","","",""
"2fa8a2d0-2858-11f1-b73d-4220cb1a75fe","sf-test-bulk-import-leads-job","","","","",""
"2fc2511b-d070-4708-be5c-e88faede8e55","match papi.log","","","","",""
"304238d0-285a-11f1-b73d-4220cb1a75fe","sf-test-bulk-import-leads-job","","","","",""
"30dbced0-285c-11f1-b73d-4220cb1a75fe","sf-test-bulk-import-leads-job","","","","",""
"311e9ed0-2849-11f1-b73d-4220cb1a75fe","sf-test-bulk-import-leads-job","","","","",""
"31b834d0-284b-11f1-b73d-4220cb1a75fe","sf-test-bulk-import-leads-job","","","","",""
"31cf41f5-f041-4839-90cb-273c6dba09e7","match papi.log","","","","",""
"31d7415a-7d93-4d1a-8382-2891a59fdcd1","match papi.log","","","","",""
"3251cad0-284d-11f1-b73d-4220cb1a75fe","sf-test-bulk-import-leads-job","","","","",""
"32eb60d0-284f-11f1-b73d-4220cb1a75fe","sf-test-bulk-import-leads-job","","","","",""
"3384f6d0-2851-11f1-b73d-4220cb1a75fe","sf-test-bulk-import-leads-job","","","","",""
"341e8cd0-2853-11f1-b73d-4220cb1a75fe","sf-test-bulk-import-leads-job","","","","",""
"346bd7e2-2cbd-4883-a94a-ecd10dfe0c90","match papi.log","","","","",""
"34b822d0-2855-11f1-b73d-4220cb1a75fe","sf-test-bulk-import-leads-job","","","","",""
"34dce10d-f42d-45c1-8adf-87e0e50d1111","match papi.log","","","","",""
"34f1c57e-3bdc-4044-9a6b-129b49b723f2","match papi.log","","","","",""
"3551b8d0-2857-11f1-b73d-4220cb1a75fe","sf-test-bulk-import-leads-job","","","","",""
"3565a6a8-4430-4509-ab5b-da553b02c10c","match papi.log","","","","",""
"35eb4ed0-2859-11f1-b73d-4220cb1a75fe","sf-test-bulk-import-leads-job","","","","",""
"3684e4d0-285b-11f1-b73d-4220cb1a75fe","sf-test-bulk-import-leads-job","","","","",""
"36c7b4d0-2848-11f1-b73d-4220cb1a75fe","sf-test-bulk-import-leads-job","","","","",""
"3719dea3-179a-4f64-807c-5aa0d1e9cf2c","match papi.log","","","","",""
"371e7ad0-285d-11f1-b73d-4220cb1a75fe","sf-test-bulk-import-leads-job","","","","",""
"37614ad0-284a-11f1-b73d-4220cb1a75fe","sf-test-bulk-import-leads-job","","","","",""
"37fae0d0-284c-11f1-b73d-4220cb1a75fe","sf-test-bulk-import-leads-job","","","","",""
"3804d94b-27e8-4617-83d7-60d401bc9874","match papi.log","","","","",""
"389476d0-284e-11f1-b73d-4220cb1a75fe","sf-test-bulk-import-leads-job","","","","",""
"38bccbf6-e723-4b73-8f2c-80c59f05ab2c","match papi.log","","","","",""
"38dce720-1e37-432d-b65e-7b1fa1948856","match papi.log","","","","",""
"392e0cd0-2850-11f1-b73d-4220cb1a75fe","sf-test-bulk-import-leads-job","","","","",""
"39c7a2d0-2852-11f1-b73d-4220cb1a75fe","sf-test-bulk-import-leads-job","","","","",""
"39fbc3f5-e628-4a04-85fa-42edfc7e3238","match papi.log","","","","",""
"3a6138d0-2854-11f1-b73d-4220cb1a75fe","sf-test-bulk-import-leads-job","","","","",""
"3afaced0-2856-11f1-b73d-4220cb1a75fe","sf-test-bulk-import-leads-job","","","","",""
"3b2279f3-215c-419c-893f-d3497cabe34e","match papi.log","","","","",""
"3b2ea1d7-33d1-4b02-b55b-e4c25c6e5a34","match papi.log","","","","",""
"3b9464d0-2858-11f1-b73d-4220cb1a75fe","sf-test-bulk-import-leads-job","","","","",""
"3c2dfad0-285a-11f1-b73d-4220cb1a75fe","sf-test-bulk-import-leads-job","","","","",""
"3cc790d0-285c-11f1-b73d-4220cb1a75fe","sf-test-bulk-import-leads-job","","","","",""
"3d0a60d0-2849-11f1-b73d-4220cb1a75fe","sf-test-bulk-import-leads-job","","","","",""
"3d16990e-4b25-422b-8308-8442b7e3d915","match papi.log","","","","",""
"3da3f6d0-284b-11f1-b73d-4220cb1a75fe","sf-test-bulk-import-leads-job","","","","",""
"3db6c0c6-f738-4222-a256-d4381f4f7a18","match papi.log","","","","",""
"3e3d8cd0-284d-11f1-b73d-4220cb1a75fe","sf-test-bulk-import-leads-job","","","","",""
"3e830021-d49f-4d4f-98fe-5c30316dc7f5","match papi.log","","","","",""
"3eca3dea-c14e-4909-9799-8f577732557b","match papi.log","","","","",""
"3ed722d0-284f-11f1-b73d-4220cb1a75fe","sf-test-bulk-import-leads-job","","","","",""
"3f70b8d0-2851-11f1-b73d-4220cb1a75fe","sf-test-bulk-import-leads-job","","","","",""
"400a4ed0-2853-11f1-b73d-4220cb1a75fe","sf-test-bulk-import-leads-job","","","","",""
"40a3e4d0-2855-11f1-b73d-4220cb1a75fe","sf-test-bulk-import-leads-job","","","","",""
"413d7ad0-2857-11f1-b73d-4220cb1a75fe","sf-test-bulk-import-leads-job","","","","",""
"41d710d0-2859-11f1-b73d-4220cb1a75fe","sf-test-bulk-import-leads-job","","","","",""
"41e40922-e4a5-47ee-9c22-64a58f1a56a8","as-azure-image-sync-api","d4ba1662833fb2108774c430ceaad36f","INC0010049","1","2026-03-26T14:07:16.604126","The exception originates from the Request processor (sf‑azure‑image‑sync‑health‑check‑flow/processors/2) likely because a required property (e.g., endpoint URL, authentication token, or payload) is null or mis‑configured, causing the connector to fail before it can generate a detailed message. Since the flow has no explicit error‑handling around this processor, the exception bubbles up to the DefaultExceptionListener, which only reports “No message.” To resolve, verify that all required connector attributes (host, port, credentials, headers) are populated via secure property placeholders, add a Try‑Catch scope around the Request processor, and enable detailed logging (e.g., set logger level to DEBUG) to capture the underlying exception. Additionally, consider adding a validation step before the request to guard against null values."
"422028b7-0852-46b7-96e0-7489c7c83b0a","match papi.log","","","","",""
"423f6498-291e-4d00-8332-f2d82439099f","match papi.log","","","","",""
"4270a6d0-285b-11f1-b73d-4220cb1a75fe","sf-test-bulk-import-leads-job","","","","",""
"42b376d0-2848-11f1-b73d-4220cb1a75fe","sf-test-bulk-import-leads-job","","","","",""
"430a3cd0-285d-11f1-b73d-4220cb1a75fe","sf-test-bulk-import-leads-job","","","","",""
"434d0cd0-284a-11f1-b73d-4220cb1a75fe","sf-test-bulk-import-leads-job","","","","",""
"43e6a2d0-284c-11f1-b73d-4220cb1a75fe","sf-test-bulk-import-leads-job","","","","",""
"441d41ad-68fa-4ebe-8c46-35af0706b92e","sf-system-api, sf-process-api","98a74e2e837bb2108774c430ceaad369","INC0010048","1","2026-03-26T12:43:59.094642","The Query processor at line 53 in sf-system-sapi.xml threw an exception (likely due to a malformed query, missing/invalid connection credentials, or a null input) that was not populated with an error message, so the DefaultExceptionListener handled it as an unknown error. Verify the query syntax and any variables used, ensure the connector (e.g., Salesforce or database) is correctly configured with valid credentials, and add explicit error handling (on‑error‑propagate/continue) with logging of the exception payload and stack trace to capture the real cause. Enabling DEBUG logging or setting `logExceptionStackTrace=true` will also surface the underlying error for quicker resolution."
"448038d0-284e-11f1-b73d-4220cb1a75fe","sf-test-bulk-import-leads-job","","","","",""
"45122331-cb99-4bec-aca4-da7238036297","match papi.log","","","","",""
"4519ced0-2850-11f1-b73d-4220cb1a75fe","sf-test-bulk-import-leads-job","","","","",""
"45b364d0-2852-11f1-b73d-4220cb1a75fe","sf-test-bulk-import-leads-job","","","","",""
"464cfad0-2854-11f1-b73d-4220cb1a75fe","sf-test-bulk-import-leads-job","","","","",""
"46e690d0-2856-11f1-b73d-4220cb1a75fe","sf-test-bulk-import-leads-job","","","","",""
"46f45c04-f031-4f1e-b41f-ccf07be865d1","match papi.log","","","","",""
"4716bf73-af8a-4eef-8836-6a808a0a9bec","match papi.log","","","","",""
"478026d0-2858-11f1-b73d-4220cb1a75fe","sf-test-bulk-import-leads-job","","","","",""
"47d5a695-b3f2-4e7a-843b-f4edee516b61","match papi.log","","","","",""
"4819bcd0-285a-11f1-b73d-4220cb1a75fe","sf-test-bulk-import-leads-job","","","","",""
"485cb3e0-2847-11f1-b73d-4220cb1a75fe","sf-test-bulk-import-leads-job","","","","",""
"48b352d0-285c-11f1-b73d-4220cb1a75fe","sf-test-bulk-import-leads-job","","","","",""
"48f622d0-2849-11f1-b73d-4220cb1a75fe","sf-test-bulk-import-leads-job","","","","",""
"498fb8d0-284b-11f1-b73d-4220cb1a75fe","sf-test-bulk-import-leads-job","","","","",""
"4a294ed0-284d-11f1-b73d-4220cb1a75fe","sf-test-bulk-import-leads-job","","","","",""
"4a9b2390-a70b-4dab-be7b-d0eeaec6ccb8","as-azure-image-sync-api","","","","",""
"4ac2e4d0-284f-11f1-b73d-4220cb1a75fe","sf-test-bulk-import-leads-job","","","","",""
"4b53ddc5-a626-4692-951a-4dc43c8bc396","match papi.log","","","","",""
"4b5c7ad0-2851-11f1-b73d-4220cb1a75fe","sf-test-bulk-import-leads-job","","","","",""
"4b9d9bc3-afd6-40c4-9bd2-a5b165283633","match papi.log","","","","",""
"4bf610d0-2853-11f1-b73d-4220cb1a75fe","sf-test-bulk-import-leads-job","","","","",""
"4c8fa6d0-2855-11f1-b73d-4220cb1a75fe","sf-test-bulk-import-leads-job","","","","",""
"4d293cd0-2857-11f1-b73d-4220cb1a75fe","sf-test-bulk-import-leads-job","","","","",""
"4dc2d2d0-2859-11f1-b73d-4220cb1a75fe","sf-test-bulk-import-leads-job","","","","",""
"4e3ee541-b6bc-4cc9-931c-2f3c06b99538","match papi.log","","","","",""
"4e5c68d0-285b-11f1-b73d-4220cb1a75fe","sf-test-bulk-import-leads-job","","","","",""
"4e9f38d0-2848-11f1-b73d-4220cb1a75fe","sf-test-bulk-import-leads-job","","","","",""
"4ef5fed0-285d-11f1-b73d-4220cb1a75fe","sf-test-bulk-import-leads-job","","","","",""
"4f05017f-51ca-4f30-a378-5dc3c21f6d19","match papi.log","","","","",""
"4f38ced0-284a-11f1-b73d-4220cb1a75fe","sf-test-bulk-import-leads-job","","","","",""
"4fd264d0-284c-11f1-b73d-4220cb1a75fe","sf-test-bulk-import-leads-job","","","","",""
"4fe6bc2a-3643-4ef3-8c38-38a9fcb9b467","match papi.log","","","","",""
"505a0865-131c-48cf-a9db-dfccedcca007","match papi.log","","","","",""
"506bfad0-284e-11f1-b73d-4220cb1a75fe","sf-test-bulk-import-leads-job","","","","",""
"50cc569b-68c0-46a1-ae53-0a82c8abdae6","match papi.log","","","","",""
"50fa8457-0fd8-4a6f-9f76-b52d5ef02b44","match papi.log","","","","",""
"510590d0-2850-11f1-b73d-4220cb1a75fe","sf-test-bulk-import-leads-job","","","","",""
"51550631-9390-4d88-b160-207f5255744d","match papi.log","","","","",""
"519f26d0-2852-11f1-b73d-4220cb1a75fe","sf-test-bulk-import-leads-job","","","","",""
"51e676bc-575e-4a06-a06f-7d3ce49f70b3","match papi.log","","","","",""
"5238bcd0-2854-11f1-b73d-4220cb1a75fe","sf-test-bulk-import-leads-job","","","","",""
"52804a43-719f-432d-888c-a77433886549","match papi.log","","","","",""
"52d252d0-2856-11f1-b73d-4220cb1a75fe","sf-test-bulk-import-leads-job","","","","",""
"536be8d0-2858-11f1-b73d-4220cb1a75fe","sf-test-bulk-import-leads-job","","","","",""
"53cfa856-0ae8-4e7a-81e7-76f9849e294a","match papi.log","","","","",""
"53ef13cf-6992-484a-928d-da12ecb5dd21","match papi.log","","","","",""
"54057ed0-285a-11f1-b73d-4220cb1a75fe","sf-test-bulk-import-leads-job","","","","",""
"54484ed0-2847-11f1-b73d-4220cb1a75fe","sf-test-bulk-import-leads-job","","","","",""
"549f14d0-285c-11f1-b73d-4220cb1a75fe","sf-test-bulk-import-leads-job","","","","",""
"54e1e4d0-2849-11f1-b73d-4220cb1a75fe","sf-test-bulk-import-leads-job","","","","",""
"557b7ad0-284b-11f1-b73d-4220cb1a75fe","sf-test-bulk-import-leads-job","","","","",""
"561510d0-284d-11f1-b73d-4220cb1a75fe","sf-test-bulk-import-leads-job","","","","",""
"56aea6d0-284f-11f1-b73d-4220cb1a75fe","sf-test-bulk-import-leads-job","","","","",""
"57483cd0-2851-11f1-b73d-4220cb1a75fe","sf-test-bulk-import-leads-job","","","","",""
"57bacd0b-ac73-4999-9965-1c58b3c57d38","match papi.log","","","","",""
"57e1d2d0-2853-11f1-b73d-4220cb1a75fe","sf-test-bulk-import-leads-job","","","","",""
"587b68d0-2855-11f1-b73d-4220cb1a75fe","sf-test-bulk-import-leads-job","","","","",""
"5914fed0-2857-11f1-b73d-4220cb1a75fe","sf-test-bulk-import-leads-job","","","","",""
"59330ebc-4ace-47f0-9245-f023b3d203ce","match papi.log","","","","",""
"59746459-cf5b-4f50-892e-dbd739a917e7","match papi.log","","","","",""
"59ae94d0-2859-11f1-b73d-4220cb1a75fe","sf-test-bulk-import-leads-job","","","","",""
"5a1b0ce7-e876-4bbd-8be3-d86eecfa78de","match papi.log","","","","",""
"5a482ad0-285b-11f1-b73d-4220cb1a75fe","sf-test-bulk-import-leads-job","","","","",""
"5a78327f-2e4f-4dae-9c49-215edb0e19bd","match papi.log","","","","",""
"5a8afad0-2848-11f1-b73d-4220cb1a75fe","sf-test-bulk-import-leads-job","","","","",""
"5ae1c0d0-285d-11f1-b73d-4220cb1a75fe","sf-test-bulk-import-leads-job","","","","",""
"5b2490d0-284a-11f1-b73d-4220cb1a75fe","sf-test-bulk-import-leads-job","","","","",""
"5bbe26d0-284c-11f1-b73d-4220cb1a75fe","sf-test-bulk-import-leads-job","","","","",""
"5c07566e-1a9f-4447-a77e-becde3b0ffc5","match papi.log","","","","",""
"5c2818c9-d3b1-4ed2-9d0d-02161e76c9c4","match papi.log","","","","",""
"5c57bcd0-284e-11f1-b73d-4220cb1a75fe","sf-test-bulk-import-leads-job","","","","",""
"5c753136-44ae-4fe5-aefb-a3c7f5e661e2","logs-system-api","","","","",""
"5c91b7db-d4a6-4b2e-8e61-8851906b69c8","match papi.log","","","","",""
"5cf152d0-2850-11f1-b73d-4220cb1a75fe","sf-test-bulk-import-leads-job","","","","",""
"5d0622af-4886-499a-9ae3-f84495c38086","match papi.log","","","","",""
"5d8ae8d0-2852-11f1-b73d-4220cb1a75fe","sf-test-bulk-import-leads-job","","","","",""
"5e247ed0-2854-11f1-b73d-4220cb1a75fe","sf-test-bulk-import-leads-job","","","","",""
"5e5d8199-bef2-4967-9bf1-8815146b4ef2","match papi.log","","","","",""
"5ebe14d0-2856-11f1-b73d-4220cb1a75fe","sf-test-bulk-import-leads-job","","","","",""
"5f1d2473-c73c-48d7-8887-c3ae195f5cf8","match papi.log","","","","",""
"5f57aad0-2858-11f1-b73d-4220cb1a75fe","sf-test-bulk-import-leads-job","","","","",""
"5fc60231-2958-4427-ad0b-2b311c2ad1c0","match papi.log","","","","",""
"5ff140d0-285a-11f1-b73d-4220cb1a75fe","sf-test-bulk-import-leads-job","","","","",""
"603410d0-2847-11f1-b73d-4220cb1a75fe","sf-test-bulk-import-leads-job","","","","",""
"6078340d-6bd4-43d5-878e-4d9ca61e4052","match papi.log","","","","",""
"608ad6d0-285c-11f1-b73d-4220cb1a75fe","sf-test-bulk-import-leads-job","","","","",""
"60cda6d0-2849-11f1-b73d-4220cb1a75fe","sf-test-bulk-import-leads-job","","","","",""
"61235fe0-8f62-4963-88ac-c6c706e0f6fb","match papi.log","","","","",""
"61673cd0-284b-11f1-b73d-4220cb1a75fe","sf-test-bulk-import-leads-job","","","","",""
"61d6b102-c0b5-4a59-b104-e682e69acd24","match papi.log","","","","",""
"6200d2d0-284d-11f1-b73d-4220cb1a75fe","sf-test-bulk-import-leads-job","","","","",""
"627e9a27-1b39-48ce-aa20-f325b9fdcd0c","match papi.log","","","","",""
"629a68d0-284f-11f1-b73d-4220cb1a75fe","sf-test-bulk-import-leads-job","","","","",""
"6333fed0-2851-11f1-b73d-4220cb1a75fe","sf-test-bulk-import-leads-job","","","","",""
"638c3d4b-a951-4590-a536-8691b510de5e","match papi.log","","","","",""
"63a8a57c-296c-4799-9f0a-3116d62f8837","match papi.log","","","","",""
"63cdbbe0-2853-11f1-b73d-4220cb1a75fe","sf-test-bulk-import-leads-job","","","","",""
"64216d7b-4a38-40a4-9fd8-580d2776a296","match papi.log","","","","",""
"64609477-6e35-4dbe-b637-ed09155b0383","match papi.log","","","","",""
"64672ad0-2855-11f1-b73d-4220cb1a75fe","sf-test-bulk-import-leads-job","","","","",""
"649ea285-1ae3-489e-b11a-7c719861572f","match papi.log","","","","",""
"6500c0d0-2857-11f1-b73d-4220cb1a75fe","sf-test-bulk-import-leads-job","","","","",""
"654445b4-51e7-45db-96fb-f087650a8a52","match papi.log","","","","",""
"6583c4dc-18f5-4625-9a7c-91aa97df299c","match papi.log","","","","",""
"659a56d0-2859-11f1-b73d-4220cb1a75fe","sf-test-bulk-import-leads-job","","","","",""
"65e3d44d-4cbc-412d-95d8-f8a2d6f7f60d","match papi.log","","","","",""
"6633ecd0-285b-11f1-b73d-4220cb1a75fe","sf-test-bulk-import-leads-job","","","","",""
"6676e3e0-2848-11f1-b73d-4220cb1a75fe","sf-test-bulk-import-leads-job","","","","",""
"671052d0-284a-11f1-b73d-4220cb1a75fe","sf-test-bulk-import-leads-job","","","","",""
"6772ba43-ecd1-40e1-954d-96257ece800a","match papi.log","","","","",""
"67a9e8d0-284c-11f1-b73d-4220cb1a75fe","sf-test-bulk-import-leads-job","","","","",""
"68437ed0-284e-11f1-b73d-4220cb1a75fe","sf-test-bulk-import-leads-job","","","","",""
"68dd14d0-2850-11f1-b73d-4220cb1a75fe","sf-test-bulk-import-leads-job","","","","",""
"69443aac-c40e-49f6-9b1f-dc8ce0395a1d","logs-system-api","2063bb44838083108774c430ceaad335","INC0010052","1","2026-03-31T12:25:39.823567","A Raise Error component is placed at logs-system-apiFlow → processors 2 → route 0 → processors 0 (line 17) but it is invoked without specifying an error type or description, so when a prior exception occurs the listener re‑throws a blank error. The underlying exception is being swallowed, likely due to missing error handling (e.g., on‑error‑continue/on‑error‑propagate) or a null payload that triggers the raise. To fix it, add proper error handling before the Raise Error, supply a meaningful error type and message, and ensure any required data (payload, variables) is validated before the raise."
"696eeccc-0c5c-4805-a0ac-a380e6108a92","match papi.log","","","","",""
"6976aad0-2852-11f1-b73d-4220cb1a75fe","sf-test-bulk-import-leads-job","","","","",""
"69f59e6a-f74f-4eb7-807c-a5309f627bc1","match papi.log","","","","",""
"6a1040d0-2854-11f1-b73d-4220cb1a75fe","sf-test-bulk-import-leads-job","","","","",""
"6aa5c55f-d625-408e-a1d5-cf57df013737","match papi.log","","","","",""
"6aa9d6d0-2856-11f1-b73d-4220cb1a75fe","sf-test-bulk-import-leads-job","","","","",""
"6ac4b3e0-12ce-48c0-b3fa-29c0b7c519b3","match papi.log","","","","",""
"6b05ff65-a452-49d2-ae0d-fda66d153cd2","match papi.log","","","","",""
"6b436cd0-2858-11f1-b73d-4220cb1a75fe","sf-test-bulk-import-leads-job","","","","",""
"6b85cfbc-3b56-4ad0-aabe-360eccb89b60","match papi.log","","","","",""
"6bdd02d0-285a-11f1-b73d-4220cb1a75fe","sf-test-bulk-import-leads-job","","","","",""
"6c16496e-d8b8-4666-a552-c62a5a98a57e","match papi.log","","","","",""
"6c1fd2d0-2847-11f1-b73d-4220cb1a75fe","sf-test-bulk-import-leads-job","","","","",""
"6c7698d0-285c-11f1-b73d-4220cb1a75fe","sf-test-bulk-import-leads-job","","","","",""
"6cb968d0-2849-11f1-b73d-4220cb1a75fe","sf-test-bulk-import-leads-job","","","","",""
"6cc88ca9-48f5-4acf-905e-f964c2677b09","match papi.log","","","","",""
"6d52fed0-284b-11f1-b73d-4220cb1a75fe","sf-test-bulk-import-leads-job","","","","",""
"6de59fdd-1538-4b25-bc4f-8c51f62904d2","match papi.log","","","","",""
"6dec94d0-284d-11f1-b73d-4220cb1a75fe","sf-test-bulk-import-leads-job","","","","",""
"6ded8cea-12ce-43d8-844a-8d3afcc1e9f8","match papi.log","","","","",""
"6e092dc3-2df6-4176-b308-3895d9dea731","match papi.log","","","","",""
"6e862ad0-284f-11f1-b73d-4220cb1a75fe","sf-test-bulk-import-leads-job","","","","",""
"6f1fc0d0-2851-11f1-b73d-4220cb1a75fe","sf-test-bulk-import-leads-job","","","","",""
"6fb956d0-2853-11f1-b73d-4220cb1a75fe","sf-test-bulk-import-leads-job","","","","",""
"7052ecd0-2855-11f1-b73d-4220cb1a75fe","sf-test-bulk-import-leads-job","","","","",""
"70ec82d0-2857-11f1-b73d-4220cb1a75fe","sf-test-bulk-import-leads-job","","","","",""
"70fd81ba-987e-45ba-adbb-fbfa6b485685","match papi.log","","","","",""
"71212e15-42b8-44b8-a9a1-9d3b8134b547","match papi.log","","","","",""
"718618d0-2859-11f1-b73d-4220cb1a75fe","sf-test-bulk-import-leads-job","","","","",""
"71d7fc28-3236-4089-8904-f9c88fa1183d","match papi.log","","","","",""
"71e7f0ac-bcd1-4227-abe6-eda764624211","match papi.log","","","","",""
"721faed0-285b-11f1-b73d-4220cb1a75fe","sf-test-bulk-import-leads-job","","","","",""
"7236a776-ff14-40fe-99b4-6964bfd5e286","match papi.log","","","","",""
"7247304f-1f1a-46af-a4f4-2f4c0b5ba3da","match papi.log","","","","",""
"7262a5e0-2848-11f1-b73d-4220cb1a75fe","sf-test-bulk-import-leads-job","","","","",""
"7294dc41-8f41-4d49-ae8e-a38f389d5d9b","match papi.log","","","","",""
"72e9eba9-fffb-4205-8f1b-77a0ffc30dce","match papi.log","","","","",""
"72fc14d0-284a-11f1-b73d-4220cb1a75fe","sf-test-bulk-import-leads-job","","","","",""
"734d391c-8763-46ea-a9c7-b3182766ac56","match papi.log","","","","",""
"7395aad0-284c-11f1-b73d-4220cb1a75fe","sf-test-bulk-import-leads-job","","","","",""
"73b25e0b-9496-4f48-94d1-9c4aa3362946","match papi.log","","","","",""
"742f40d0-284e-11f1-b73d-4220cb1a75fe","sf-test-bulk-import-leads-job","","","","",""
"7449303c-487b-440b-802b-1e7da2fc3606","match papi.log","","","","",""
"74c8d6d0-2850-11f1-b73d-4220cb1a75fe","sf-test-bulk-import-leads-job","","","","",""
"75626cd0-2852-11f1-b73d-4220cb1a75fe","sf-test-bulk-import-leads-job","","","","",""
"75afe007-9ffb-4151-a841-8a76bd2c0e4e","match papi.log","","","","",""
"75fc02d0-2854-11f1-b73d-4220cb1a75fe","sf-test-bulk-import-leads-job","","","","",""
"76488a72-fd9a-4071-b569-75fc07f622d0","match papi.log","","","","",""
"767069e0-a9c6-4523-96f3-6cc38448ae6d","match papi.log","","","","",""
"769598d0-2856-11f1-b73d-4220cb1a75fe","sf-test-bulk-import-leads-job","","","","",""
"771ec18f-5196-45b6-bdd4-194729bc4ee5","match papi.log","","","","",""
"772f2ed0-2858-11f1-b73d-4220cb1a75fe","sf-test-bulk-import-leads-job","","","","",""
"77763bd2-996b-4adc-a64f-afa6408306e2","match papi.log","","","","",""
"77c8c4d0-285a-11f1-b73d-4220cb1a75fe","sf-test-bulk-import-leads-job","","","","",""
"77d10086-6fc6-40ef-b667-9fc859580b4d","match papi.log","","","","",""
"780b94d0-2847-11f1-b73d-4220cb1a75fe","sf-test-bulk-import-leads-job","","","","",""
"78625ad0-285c-11f1-b73d-4220cb1a75fe","sf-test-bulk-import-leads-job","","","","",""
"78a52ad0-2849-11f1-b73d-4220cb1a75fe","sf-test-bulk-import-leads-job","","","","",""
"7939bc28-397d-457b-8211-e52441c16e35","match papi.log","","","","",""
"793ec0d0-284b-11f1-b73d-4220cb1a75fe","sf-test-bulk-import-leads-job","","","","",""
"794cde34-fd4e-4a8e-ae8c-b84c576bbe2b","match papi.log","","","","",""
"79d856d0-284d-11f1-b73d-4220cb1a75fe","sf-test-bulk-import-leads-job","","","","",""
"7a71ecd0-284f-11f1-b73d-4220cb1a75fe","sf-test-bulk-import-leads-job","","","","",""
"7b0b82d0-2851-11f1-b73d-4220cb1a75fe","sf-test-bulk-import-leads-job","","","","",""
"7b7483f7-c16a-4be4-b900-34f50c8235e9","match papi.log","","","","",""
"7ba518d0-2853-11f1-b73d-4220cb1a75fe","sf-test-bulk-import-leads-job","","","","",""
"7c3eaed0-2855-11f1-b73d-4220cb1a75fe","sf-test-bulk-import-leads-job","","","","",""
"7cd844d0-2857-11f1-b73d-4220cb1a75fe","sf-test-bulk-import-leads-job","","","","",""
"7d4357dc-2c53-42bc-96cd-aa5b1feff1a1","match papi.log","","","","",""
"7d71dad0-2859-11f1-b73d-4220cb1a75fe","sf-test-bulk-import-leads-job","","","","",""
"7d7fa6ab-edd1-4c82-b4b3-b6022ca5a027","match papi.log","","","","",""
"7e0b70d0-285b-11f1-b73d-4220cb1a75fe","sf-test-bulk-import-leads-job","","","","",""
"7e4e40d0-2848-11f1-b73d-4220cb1a75fe","sf-test-bulk-import-leads-job","","","","",""
"7ec2f808-a9c6-48dd-ab8f-4f5e1c1683b3","match papi.log","","","","",""
"7ee7d6d0-284a-11f1-b73d-4220cb1a75fe","sf-test-bulk-import-leads-job","","","","",""
"7f7509ad-759e-4fcd-9a28-2ee0aa251536","match papi.log","","","","",""
"7f816cd0-284c-11f1-b73d-4220cb1a75fe","sf-test-bulk-import-leads-job","","","","",""
"801b02d0-284e-11f1-b73d-4220cb1a75fe","sf-test-bulk-import-leads-job","","","","",""
"80a6207c-6919-43f7-82d8-9408fb9d1878","match papi.log","","","","",""
"80b498d0-2850-11f1-b73d-4220cb1a75fe","sf-test-bulk-import-leads-job","","","","",""
"814e2ed0-2852-11f1-b73d-4220cb1a75fe","sf-test-bulk-import-leads-job","","","","",""
"81e3be76-f50b-4bbd-80a4-7bd27dfbaf7b","match papi.log","","","","",""
"81e7c4d0-2854-11f1-b73d-4220cb1a75fe","sf-test-bulk-import-leads-job","","","","",""
"82815ad0-2856-11f1-b73d-4220cb1a75fe","sf-test-bulk-import-leads-job","","","","",""
"831af0d0-2858-11f1-b73d-4220cb1a75fe","sf-test-bulk-import-leads-job","","","","",""
"83b4ade0-285a-11f1-b73d-4220cb1a75fe","sf-test-bulk-import-leads-job","","","","",""
"83def7f1-4f36-4d10-a337-8aae13adfbe5","match papi.log","","","","",""
"83f756d0-2847-11f1-b73d-4220cb1a75fe","sf-test-bulk-import-leads-job","","","","",""
"83f7dda7-d34f-4577-84a8-122586070ef6","match papi.log","","","","",""
"844e1cd0-285c-11f1-b73d-4220cb1a75fe","sf-test-bulk-import-leads-job","","","","",""
"8490ecd0-2849-11f1-b73d-4220cb1a75fe","sf-test-bulk-import-leads-job","","","","",""
"852a82d0-284b-11f1-b73d-4220cb1a75fe","sf-test-bulk-import-leads-job","","","","",""
"85826cfc-806a-4a37-acb6-dccc68359cdc","match papi.log","","","","",""
"85c418d0-284d-11f1-b73d-4220cb1a75fe","sf-test-bulk-import-leads-job","","","","",""
"85e909bc-6c5b-4f9c-a44a-5be920799ff7","sf-process-api","","","","",""
"865daed0-284f-11f1-b73d-4220cb1a75fe","sf-test-bulk-import-leads-job","","","","",""
"86f744d0-2851-11f1-b73d-4220cb1a75fe","sf-test-bulk-import-leads-job","","","","",""
"8790dad0-2853-11f1-b73d-4220cb1a75fe","sf-test-bulk-import-leads-job","","","","",""
"879dba6c-21d6-4d9b-809b-850cd6879cb3","match papi.log","","","","",""
"87db7660-5417-45e8-be01-abc068fa1cf5","match papi.log","","","","",""
"87f25176-28a6-47e7-a354-e0af6f4f36f0","match papi.log","","","","",""
"882a70d0-2855-11f1-b73d-4220cb1a75fe","sf-test-bulk-import-leads-job","","","","",""
"884fc725-ed05-4404-831c-1d886422e13d","match papi.log","","","","",""
"88c406d0-2857-11f1-b73d-4220cb1a75fe","sf-test-bulk-import-leads-job","","","","",""
"895d9cd0-2859-11f1-b73d-4220cb1a75fe","sf-test-bulk-import-leads-job","","","","",""
"89d1464f-2738-4b46-9da2-8ee5f964ca77","match papi.log","","","","",""
"89f732d0-285b-11f1-b73d-4220cb1a75fe","sf-test-bulk-import-leads-job","","","","",""
"89f7c801-eba9-460e-80bf-8cb58b8e1e04","match papi.log","","","","",""
"8a3a02d0-2848-11f1-b73d-4220cb1a75fe","sf-test-bulk-import-leads-job","","","","",""
"8ad398d0-284a-11f1-b73d-4220cb1a75fe","sf-test-bulk-import-leads-job","","","","",""
"8b6d2ed0-284c-11f1-b73d-4220cb1a75fe","sf-test-bulk-import-leads-job","","","","",""
"8c06c4d0-284e-11f1-b73d-4220cb1a75fe","sf-test-bulk-import-leads-job","","","","",""
"8c9583a7-1ed9-4262-b7cc-a3a7a058eb30","match papi.log","","","","",""
"8ca05ad0-2850-11f1-b73d-4220cb1a75fe","sf-test-bulk-import-leads-job","","","","",""
"8cfa3405-3acf-4d64-8a3b-49e20a52ae4d","match papi.log","","","","",""
"8d39f0d0-2852-11f1-b73d-4220cb1a75fe","sf-test-bulk-import-leads-job","","","","",""
"8d70a6ca-9ba3-49c9-9907-d995bde61fd1","match papi.log","","","","",""
"8dd386d0-2854-11f1-b73d-4220cb1a75fe","sf-test-bulk-import-leads-job","","","","",""
"8df6b57b-279d-4ca5-8894-a4ed0ef20410","match papi.log","","","","",""
"8e6d1cd0-2856-11f1-b73d-4220cb1a75fe","sf-test-bulk-import-leads-job","","","","",""
"8e74bbff-4b92-4cc0-baaf-773c45406286","match papi.log","","","","",""
"8ef218c6-6cd7-4eb4-aa9b-88a73edd199c","match papi.log","","","","",""
"8f06b2d0-2858-11f1-b73d-4220cb1a75fe","sf-test-bulk-import-leads-job","","","","",""
"8fa048d0-285a-11f1-b73d-4220cb1a75fe","sf-test-bulk-import-leads-job","","","","",""
"8fb2547b-fb29-4e37-913c-3762b2702b27","match papi.log","","","","",""
"8fe318d0-2847-11f1-b73d-4220cb1a75fe","sf-test-bulk-import-leads-job","","","","",""
"9039ded0-285c-11f1-b73d-4220cb1a75fe","sf-test-bulk-import-leads-job","","","","",""
"9060e9f1-dd9a-4fab-a30d-8dd86fb7907c","match papi.log","","","","",""
"907cfcf0-2849-11f1-b73d-4220cb1a75fe","sf-test-bulk-import-leads-job","","","","",""
"911644d0-284b-11f1-b73d-4220cb1a75fe","sf-test-bulk-import-leads-job","","","","",""
"913831b8-2aa6-4ee4-b17e-49ff27059016","match papi.log","","","","",""
"91779c39-d8c4-4110-8d5a-2fd6189873e5","match papi.log","","","","",""
"91a83fc5-d882-4114-ba37-b910132fed8e","match papi.log","","","","",""
"91afdad0-284d-11f1-b73d-4220cb1a75fe","sf-test-bulk-import-leads-job","","","","",""
"924970d0-284f-11f1-b73d-4220cb1a75fe","sf-test-bulk-import-leads-job","","","","",""
"92b6e25d-770a-4eb0-8e1a-096ea154ede2","match papi.log","","","","",""
"92c1ebe0-f895-4978-ab9b-66ef8a78d246","match papi.log","","","","",""
"92e306d0-2851-11f1-b73d-4220cb1a75fe","sf-test-bulk-import-leads-job","","","","",""
"937c9cd0-2853-11f1-b73d-4220cb1a75fe","sf-test-bulk-import-leads-job","","","","",""
"941632d0-2855-11f1-b73d-4220cb1a75fe","sf-test-bulk-import-leads-job","","","","",""
"94afc8d0-2857-11f1-b73d-4220cb1a75fe","sf-test-bulk-import-leads-job","","","","",""
"95106a9a-9748-4e63-8994-f0a78b1b8599","match papi.log","","","","",""
"95495ed0-2859-11f1-b73d-4220cb1a75fe","sf-test-bulk-import-leads-job","","","","",""
"954cbf07-ecd7-41bf-9c12-c89175f2fce3","as-azure-image-sync-api","","","","",""
"9584685e-4e68-4ad3-a886-d65f7c3cef1c","match papi.log","","","","",""
"95e2f4d0-285b-11f1-b73d-4220cb1a75fe","sf-test-bulk-import-leads-job","","","","",""
"95fc3157-fa31-4e8b-bd66-c75c6e59d0dc","match papi.log","","","","",""
"9625c4d0-2848-11f1-b73d-4220cb1a75fe","sf-test-bulk-import-leads-job","","","","",""
"96bf5ad0-284a-11f1-b73d-4220cb1a75fe","sf-test-bulk-import-leads-job","","","","",""
"9758f0d0-284c-11f1-b73d-4220cb1a75fe","sf-test-bulk-import-leads-job","","","","",""
"97f286d0-284e-11f1-b73d-4220cb1a75fe","sf-test-bulk-import-leads-job","","","","",""
"988c1cd0-2850-11f1-b73d-4220cb1a75fe","sf-test-bulk-import-leads-job","","","","",""
"9925b2d0-2852-11f1-b73d-4220cb1a75fe","sf-test-bulk-import-leads-job","","","","",""
"99bf48d0-2854-11f1-b73d-4220cb1a75fe","sf-test-bulk-import-leads-job","","","","",""
"99cb723a-c3fb-450d-bab9-58631a89e193","logs-system-api","","","","",""
"9a4d06cb-bb4b-4c62-9ad6-ee9a0739b22e","match papi.log","","","","",""
"9a58ded0-2856-11f1-b73d-4220cb1a75fe","sf-test-bulk-import-leads-job","","","","",""
"9af274d0-2858-11f1-b73d-4220cb1a75fe","sf-test-bulk-import-leads-job","","","","",""
"9b8c0ad0-285a-11f1-b73d-4220cb1a75fe","sf-test-bulk-import-leads-job","","","","",""
"9bcedad0-2847-11f1-b73d-4220cb1a75fe","sf-test-bulk-import-leads-job","","","","",""
"9c25a0d0-285c-11f1-b73d-4220cb1a75fe","sf-test-bulk-import-leads-job","","","","",""
"9c61ac1b-f253-482f-8991-792696025ed9","match papi.log","","","","",""
"9c6870d0-2849-11f1-b73d-4220cb1a75fe","sf-test-bulk-import-leads-job","","","","",""
"9cbfa681-1178-43ec-8487-89728e46f912","match papi.log","","","","",""
"9cf773fa-3cd2-41d4-81e4-f26b8fed0354","match papi.log","","","","",""
"9d0206d0-284b-11f1-b73d-4220cb1a75fe","sf-test-bulk-import-leads-job","","","","",""
"9d9b9cd0-284d-11f1-b73d-4220cb1a75fe","sf-test-bulk-import-leads-job","","","","",""
"9e3532d0-284f-11f1-b73d-4220cb1a75fe","sf-test-bulk-import-leads-job","","","","",""
"9e587102-1797-446d-8631-ee50a5a29e77","match papi.log","","","","",""
"9e618cbd-cce1-400a-9aec-881952ae9b5d","match papi.log","","","","",""
"9ea0d8d1-c5a2-4c22-aca3-fb93c55c9c5e","match papi.log","","","","",""
"9ecec8d0-2851-11f1-b73d-4220cb1a75fe","sf-test-bulk-import-leads-job","","","","",""
"9ed1a34c-d5d3-481f-ae54-8645dd13dd07","match papi.log","","","","",""
"9f461e93-4789-466c-96bb-04d51a4dfeba","match papi.log","","","","",""
"9f685ed0-2853-11f1-b73d-4220cb1a75fe","sf-test-bulk-import-leads-job","","","","",""
"9fe9f5a6-d9bb-4900-95ff-eabb15634e13","match papi.log","","","","",""
"a001f4d0-2855-11f1-b73d-4220cb1a75fe","sf-test-bulk-import-leads-job","","","","",""
"a05d0fd0-6ac6-440c-94e6-822f95673b02","match papi.log","","","","",""
"a09c2710-2857-11f1-b73d-4220cb1a75fe","sf-test-bulk-import-leads-job","","","","",""
"a0d6a796-10c1-40e2-a953-6314604b909a","match papi.log","","","","",""
"a13520d0-2859-11f1-b73d-4220cb1a75fe","sf-test-bulk-import-leads-job","","","","",""
"a178a5ac-5ed2-48a7-90df-addea9e3cb1c","match papi.log","","","","",""
"a1ceb6d0-285b-11f1-b73d-4220cb1a75fe","sf-test-bulk-import-leads-job","","","","",""
"a21186d0-2848-11f1-b73d-4220cb1a75fe","sf-test-bulk-import-leads-job","","","","",""
"a24cd4df-07d2-4864-80cd-1768595ea12b","match papi.log","","","","",""
"a2ab1cd0-284a-11f1-b73d-4220cb1a75fe","sf-test-bulk-import-leads-job","","","","",""
"a2d70ef5-0d8c-457e-a768-d9045a1fe2d3","match papi.log","","","","",""
"a32d665d-ab69-4460-a469-918b0c808442","logs-system-api","","","","",""
"a344b2d0-284c-11f1-b73d-4220cb1a75fe","sf-test-bulk-import-leads-job","","","","",""
"a371466f-65e8-49eb-866a-3fa191c02948","match papi.log","","","","",""
"a3910a50-57d7-4c5b-ac57-23d83ca7ef96","match papi.log","","","","",""
"a3de48d0-284e-11f1-b73d-4220cb1a75fe","sf-test-bulk-import-leads-job","","","","",""
"a433602e-9e38-4b8c-b492-cbfe2c471f29","match papi.log","","","","",""
"a477ded0-2850-11f1-b73d-4220cb1a75fe","sf-test-bulk-import-leads-job","","","","",""
"a51174d0-2852-11f1-b73d-4220cb1a75fe","sf-test-bulk-import-leads-job","","","","",""
"a5ab0ad0-2854-11f1-b73d-4220cb1a75fe","sf-test-bulk-import-leads-job","","","","",""
"a6117b34-fe2a-4e7e-b402-59ea4f66e0e3","match papi.log","","","","",""
"a644a0d0-2856-11f1-b73d-4220cb1a75fe","sf-test-bulk-import-leads-job","","","","",""
"a6de36d0-2858-11f1-b73d-4220cb1a75fe","sf-test-bulk-import-leads-job","","","","",""
"a777ccd0-285a-11f1-b73d-4220cb1a75fe","sf-test-bulk-import-leads-job","","","","",""
"a7ba9cd0-2847-11f1-b73d-4220cb1a75fe","sf-test-bulk-import-leads-job","","","","",""
"a80d4059-d2d0-4751-a3c7-524ccd7d74b4","match papi.log","","","","",""
"a81162d0-285c-11f1-b73d-4220cb1a75fe","sf-test-bulk-import-leads-job","","","","",""
"a85432d0-2849-11f1-b73d-4220cb1a75fe","sf-test-bulk-import-leads-job","","","","",""
"a8684d59-f178-454a-a86f-bee56e0f52d5","match papi.log","","","","",""
"a8edc8d0-284b-11f1-b73d-4220cb1a75fe","sf-test-bulk-import-leads-job","","","","",""
"a90b8135-5be7-4591-924e-f4e4727ee174","match papi.log","","","","",""
"a918476d-df18-4ce8-8b5f-8c9ec50b855a","match papi.log","","","","",""
"a9875ed0-284d-11f1-b73d-4220cb1a75fe","sf-test-bulk-import-leads-job","","","","",""
"aa20f4d0-284f-11f1-b73d-4220cb1a75fe","sf-test-bulk-import-leads-job","","","","",""
"aaba8ad0-2851-11f1-b73d-4220cb1a75fe","sf-test-bulk-import-leads-job","","","","",""
"ab5420d0-2853-11f1-b73d-4220cb1a75fe","sf-test-bulk-import-leads-job","","","","",""
"abea9643-97ad-45a1-af74-75465d3883cf","match papi.log","","","","",""
"abedb6d0-2855-11f1-b73d-4220cb1a75fe","sf-test-bulk-import-leads-job","","","","",""
"ac874cd0-2857-11f1-b73d-4220cb1a75fe","sf-test-bulk-import-leads-job","","","","",""
"ad20e2d0-2859-11f1-b73d-4220cb1a75fe","sf-test-bulk-import-leads-job","","","","",""
"ada2bb80-2e50-48b6-a736-31f07094df81","match papi.log","","","","",""
"adba78d0-285b-11f1-b73d-4220cb1a75fe","sf-test-bulk-import-leads-job","","","","",""
"adfd48d0-2848-11f1-b73d-4220cb1a75fe","sf-test-bulk-import-leads-job","","","","",""
"ae96ded0-284a-11f1-b73d-4220cb1a75fe","sf-test-bulk-import-leads-job","","","","",""
"af3074d0-284c-11f1-b73d-4220cb1a75fe","sf-test-bulk-import-leads-job","","","","",""
"afca0ad0-284e-11f1-b73d-4220cb1a75fe","sf-test-bulk-import-leads-job","","","","",""
"b06040b7-a26f-41c6-bf6a-0f297b96afe7","match papi.log","","","","",""
"b063a0d0-2850-11f1-b73d-4220cb1a75fe","sf-test-bulk-import-leads-job","","","","",""
"b0e81301-bec0-4608-a14a-8d947f4050db","match papi.log","","","","",""
"b0fd36d0-2852-11f1-b73d-4220cb1a75fe","sf-test-bulk-import-leads-job","","","","",""
"b11e61fe-26cc-474c-82d4-2fc3427b20d9","sf-process-api, sf-system-api","574f56aa833fb2108774c430ceaad302","INC0010050","1","2026-03-31T13:52:54.228794","The error originates from the query processor at line 53 in sf-system-sapi.xml, likely due to a mis‑configured connector (e.g., missing or invalid database credentials, wrong JDBC URL, or an invalid SQL statement) that threw an exception without a message. Because the exception was not explicitly handled, the DefaultExceptionListener captured it as an “Unknown” error. Review and correct the connector configuration, validate the query syntax, and add a try‑catch scope or on‑error‑continue to log the underlying exception details for future troubleshooting."
"b196ccd0-2854-11f1-b73d-4220cb1a75fe","sf-test-bulk-import-leads-job","","","","",""
"b23089e0-2856-11f1-b73d-4220cb1a75fe","sf-test-bulk-import-leads-job","","","","",""
"b2a4bc31-b118-4429-bb8d-c8e3b13abf65","match papi.log","","","","",""
"b2c9f8d0-2858-11f1-b73d-4220cb1a75fe","sf-test-bulk-import-leads-job","","","","",""
"b3638ed0-285a-11f1-b73d-4220cb1a75fe","sf-test-bulk-import-leads-job","","","","",""
"b3a65ed0-2847-11f1-b73d-4220cb1a75fe","sf-test-bulk-import-leads-job","","","","",""
"b3fd24d0-285c-11f1-b73d-4220cb1a75fe","sf-test-bulk-import-leads-job","","","","",""
"b43ff4d0-2849-11f1-b73d-4220cb1a75fe","sf-test-bulk-import-leads-job","","","","",""
"b454654a-195a-4187-86ce-6f33e9038bb6","match papi.log","","","","",""
"b4d98ad0-284b-11f1-b73d-4220cb1a75fe","sf-test-bulk-import-leads-job","","","","",""
"b533c8e5-e53c-49c9-aceb-35b6e7c97404","match papi.log","","","","",""
"b54b7f64-36ef-4c09-a2fd-81efca7d5a26","sf-process-api, sf-system-api","4f1f6a5e83ff32108774c430ceaad341","INC0010046","1","2026-03-25T20:57:59.813714","The DefaultExceptionListener caught an exception with a null message at processor 1 (line 33 of sf‑system‑sapi.xml), which usually indicates a mis‑configured connector (e.g., missing or invalid credentials, endpoint URL, or required request payload) that threw an internal error without propagating a message. Verify the connector used for the Create operation (likely Salesforce or another system API), ensure all required properties (client‑id, client‑secret, token, endpoint) are correctly set in secure properties files, and add a pre‑validation step to check that the payload is not null before invoking the Create. Enable DEBUG logging for the flow and the connector to capture the underlying exception, and consider adding a try‑scope with an on‑error‑continue to log the original exception details for future troubleshooting."
"b57320d0-284d-11f1-b73d-4220cb1a75fe","sf-test-bulk-import-leads-job","","","","",""
"b60cb6d0-284f-11f1-b73d-4220cb1a75fe","sf-test-bulk-import-leads-job","","","","",""
"b6a64cd0-2851-11f1-b73d-4220cb1a75fe","sf-test-bulk-import-leads-job","","","","",""
"b72720ea-cbbc-41b5-b717-abff4274bea4","match papi.log","","","","",""
"b73fe2d0-2853-11f1-b73d-4220cb1a75fe","sf-test-bulk-import-leads-job","","","","",""
"b7d978d0-2855-11f1-b73d-4220cb1a75fe","sf-test-bulk-import-leads-job","","","","",""
"b8730ed0-2857-11f1-b73d-4220cb1a75fe","sf-test-bulk-import-leads-job","","","","",""
"b89efdc2-72f8-4366-8b89-eb1fa4c92187","match papi.log","","","","",""
"b90ca4d0-2859-11f1-b73d-4220cb1a75fe","sf-test-bulk-import-leads-job","","","","",""
"b9206175-2b8b-445d-920e-0983ecd43937","match papi.log","","","","",""
"b99007f1-291e-4023-9f85-daf9bec617d5","match papi.log","","","","",""
"b9a63ad0-285b-11f1-b73d-4220cb1a75fe","sf-test-bulk-import-leads-job","","","","",""
"b9d99063-2c47-4494-9de5-d1cf4ae9b28a","match papi.log","","","","",""
"b9e90ad0-2848-11f1-b73d-4220cb1a75fe","sf-test-bulk-import-leads-job","","","","",""
"ba81b73e-39fb-4a7f-81c9-07003765f1b0","match papi.log","","","","",""
"ba82a0d0-284a-11f1-b73d-4220cb1a75fe","sf-test-bulk-import-leads-job","","","","",""
"ba8b4689-0e36-4f18-b4bc-e5d19377f637","match papi.log","","","","",""
"bb1c36d0-284c-11f1-b73d-4220cb1a75fe","sf-test-bulk-import-leads-job","","","","",""
"bbb5ccd0-284e-11f1-b73d-4220cb1a75fe","sf-test-bulk-import-leads-job","","","","",""
"bc4f62d0-2850-11f1-b73d-4220cb1a75fe","sf-test-bulk-import-leads-job","","","","",""
"bce8f8d0-2852-11f1-b73d-4220cb1a75fe","sf-test-bulk-import-leads-job","","","","",""
"bd828ed0-2854-11f1-b73d-4220cb1a75fe","sf-test-bulk-import-leads-job","","","","",""
"bdefed9e-e042-47c0-84ac-2e3768314899","match papi.log","","","","",""
"be1c24d0-2856-11f1-b73d-4220cb1a75fe","sf-test-bulk-import-leads-job","","","","",""
"be87aa01-e2ef-43a9-b02d-723c0f77350b","match papi.log","","","","",""
"beb5bad0-2858-11f1-b73d-4220cb1a75fe","sf-test-bulk-import-leads-job","","","","",""
"bf19f2ed-495a-4661-93ac-de0e19f535ad","match papi.log","","","","",""
"bf4f50d0-285a-11f1-b73d-4220cb1a75fe","sf-test-bulk-import-leads-job","","","","",""
"bf9220d0-2847-11f1-b73d-4220cb1a75fe","sf-test-bulk-import-leads-job","","","","",""
"bfe8e6d0-285c-11f1-b73d-4220cb1a75fe","sf-test-bulk-import-leads-job","","","","",""
"c02bb6d0-2849-11f1-b73d-4220cb1a75fe","sf-test-bulk-import-leads-job","","","","",""
"c0c54cd0-284b-11f1-b73d-4220cb1a75fe","sf-test-bulk-import-leads-job","","","","",""
"c12caeb4-917d-4d02-aeb4-5b7e8da918bd","match papi.log","","","","",""
"c15ee2d0-284d-11f1-b73d-4220cb1a75fe","sf-test-bulk-import-leads-job","","","","",""
"c1f878d0-284f-11f1-b73d-4220cb1a75fe","sf-test-bulk-import-leads-job","","","","",""
"c22cc1a2-353b-4e64-ac74-b6f8b9c87fb9","match papi.log","","","","",""
"c2920ed0-2851-11f1-b73d-4220cb1a75fe","sf-test-bulk-import-leads-job","","","","",""
"c322322c-88e8-4f9b-a910-150647a48452","match papi.log","","","","",""
"c32a3ef3-1b4b-405c-bf14-598b6beea3ce","match papi.log","","","","",""
"c32ba4d0-2853-11f1-b73d-4220cb1a75fe","sf-test-bulk-import-leads-job","","","","",""
"c39facc1-b730-458d-84a4-0c8789e42195","match papi.log","","","","",""
"c3c53ad0-2855-11f1-b73d-4220cb1a75fe","sf-test-bulk-import-leads-job","","","","",""
"c3cf18fd-1b21-44e6-9d8d-bb281094254b","as-azure-image-sync-api","","","","",""
"c3f8e90e-a251-4f67-876d-e2165dd128a9","match papi.log","","","","",""
"c45ed0d0-2857-11f1-b73d-4220cb1a75fe","sf-test-bulk-import-leads-job","","","","",""
"c4f866d0-2859-11f1-b73d-4220cb1a75fe","sf-test-bulk-import-leads-job","","","","",""
"c51a5c1f-deb7-4e5c-b534-c7650fc44753","match papi.log","","","","",""
"c548c98e-fea9-43ef-bead-5f5542ba2a86","match papi.log","","","","",""
"c550b5e4-6ee0-4865-8dfd-cf7426f9668f","match papi.log","","","","",""
"c591fcd0-285b-11f1-b73d-4220cb1a75fe","sf-test-bulk-import-leads-job","","","","",""
"c5a2ebe6-011c-4c1a-bd9e-93b2643ec26f","match papi.log","","","","",""
"c5d4ccd0-2848-11f1-b73d-4220cb1a75fe","sf-test-bulk-import-leads-job","","","","",""
"c625d89e-5793-4418-bc35-ae972bf60318","match papi.log","","","","",""
"c66d536f-da34-4167-acfc-f6abb3f3d0a4","match papi.log","","","","",""
"c66e62d0-284a-11f1-b73d-4220cb1a75fe","sf-test-bulk-import-leads-job","","","","",""
"c707f8d0-284c-11f1-b73d-4220cb1a75fe","sf-test-bulk-import-leads-job","","","","",""
"c710d1aa-4af2-4509-9285-0ace2b963609","logs-system-api","","","","",""
"c7821edc-97df-4b67-a492-a55b0663f999","logs-system-api","","","","",""
"c7a18ed0-284e-11f1-b73d-4220cb1a75fe","sf-test-bulk-import-leads-job","","","","",""
"c7d87eaa-dba7-4891-baa4-7bd7fdf286fa","match papi.log","","","","",""
"c83b24d0-2850-11f1-b73d-4220cb1a75fe","sf-test-bulk-import-leads-job","","","","",""
"c874724b-a3d4-4fe1-85f0-03b1fe9b3b4c","match papi.log","","","","",""
"c8b980a9-19b2-4a17-a737-8eeabea86d80","match papi.log","","","","",""
"c8d4bad0-2852-11f1-b73d-4220cb1a75fe","sf-test-bulk-import-leads-job","","","","",""
"c96e50d0-2854-11f1-b73d-4220cb1a75fe","sf-test-bulk-import-leads-job","","","","",""
"c9b00e9a-0a64-4e60-9400-0e7196d0ecb6","match papi.log","","","","",""
"ca07e6d0-2856-11f1-b73d-4220cb1a75fe","sf-test-bulk-import-leads-job","","","","",""
"ca846e78-a21b-4477-8a27-548c775a37ba","match papi.log","","","","",""
"caa17cd0-2858-11f1-b73d-4220cb1a75fe","sf-test-bulk-import-leads-job","","","","",""
"caa2d454-86f6-48fc-82df-545084f67848","match papi.log","","","","",""
"cb3b12d0-285a-11f1-b73d-4220cb1a75fe","sf-test-bulk-import-leads-job","","","","",""
"cb76536b-1b9b-4896-a689-3ee614fbf19a","match papi.log","","","","",""
"cb7de2d0-2847-11f1-b73d-4220cb1a75fe","sf-test-bulk-import-leads-job","","","","",""
"cbd4a8d0-285c-11f1-b73d-4220cb1a75fe","sf-test-bulk-import-leads-job","","","","",""
"cbd884c0-87b6-4d25-9a17-5b797602b22d","match papi.log","","","","",""
"cc0052a9-0635-4448-9aae-4a4744429ce7","match papi.log","","","","",""
"cc066036-9484-499d-ac2c-62a9626781e9","sf-process-api","8201d3de83f372108774c430ceaad376","INC0010047","1","2026-03-25T23:26:12.216524","The error occurred at processor position 5 in the sf-process-apiFlow at line 43 of sf-process-api.xml, which is labeled as a ""Request"" component (likely an HTTP Request, Salesforce connector operation, or similar outbound call). The ""Unknown"" error type and ""No message"" indicate either a null pointer exception, an improperly configured connector that failed silently, a timeout without proper error propagation, or missing error handling that should wrap and describe the failure. The developer must examine line 43 in sf-process-api.xml to identify the specific connector or component, add proper try-catch error handling with descriptive error messages, verify all required configuration properties are set, and ensure the component has appropriate timeout and reconnection strategies configured."
"cc1778d0-2849-11f1-b73d-4220cb1a75fe","sf-test-bulk-import-leads-job","","","","",""
"ccb10ed0-284b-11f1-b73d-4220cb1a75fe","sf-test-bulk-import-leads-job","","","","",""
"cd12a8a2-85e2-4394-b149-584d5e8a01b8","match papi.log","","","","",""
"cd4aa4d0-284d-11f1-b73d-4220cb1a75fe","sf-test-bulk-import-leads-job","","","","",""
"cde43ad0-284f-11f1-b73d-4220cb1a75fe","sf-test-bulk-import-leads-job","","","","",""
"ce040420-28d9-11f1-abaa-e61fd5d1ea7a","sf-system-api","","","","",""
"ce2cef05-ea83-4bf4-9b2f-a85ac0800713","match papi.log","","","","",""
"ce7dd0d0-2851-11f1-b73d-4220cb1a75fe","sf-test-bulk-import-leads-job","","","","",""
"cf178de0-2853-11f1-b73d-4220cb1a75fe","sf-test-bulk-import-leads-job","","","","",""
"cfb0fcd0-2855-11f1-b73d-4220cb1a75fe","sf-test-bulk-import-leads-job","","","","",""
"cfe15949-f1bd-488f-ae5e-e10b5e6d5032","match papi.log","","","","",""
"d04a92d0-2857-11f1-b73d-4220cb1a75fe","sf-test-bulk-import-leads-job","","","","",""
"d055c0ab-1842-43e5-8b50-f87dbf1bd192","match papi.log","","","","",""
"d0e230cf-bdcc-4ef7-b1d6-194176abdd0c","match papi.log","","","","",""
"d0e428d0-2859-11f1-b73d-4220cb1a75fe","sf-test-bulk-import-leads-job","","","","",""
"d17dbed0-285b-11f1-b73d-4220cb1a75fe","sf-test-bulk-import-leads-job","","","","",""
"d1bd99f7-dc57-4440-951e-f52dff3cc1a2","match papi.log","","","","",""
"d1c08ed0-2848-11f1-b73d-4220cb1a75fe","sf-test-bulk-import-leads-job","","","","",""
"d1e7aa28-bad6-4b5d-b12f-30e86118e553","match papi.log","","","","",""
"d23fc734-1aa2-4594-907b-5e7ecb49fe24","match papi.log","","","","",""
"d25a24d0-284a-11f1-b73d-4220cb1a75fe","sf-test-bulk-import-leads-job","","","","",""
"d2c8309d-63e7-4733-9233-d57d21521203","match papi.log","","","","",""
"d2f3bad0-284c-11f1-b73d-4220cb1a75fe","sf-test-bulk-import-leads-job","","","","",""
"d38d50d0-284e-11f1-b73d-4220cb1a75fe","sf-test-bulk-import-leads-job","","","","",""
"d3e1d41d-8eed-4711-b4f0-b11916416a97","match papi.log","","","","",""
"d426e6d0-2850-11f1-b73d-4220cb1a75fe","sf-test-bulk-import-leads-job","","","","",""
"d4344c06-9189-4ecd-b1e3-9a4d1d68bae7","match papi.log","","","","",""
"d4c07cd0-2852-11f1-b73d-4220cb1a75fe","sf-test-bulk-import-leads-job","","","","",""
"d509ccdb-8885-4572-b7a4-7558e4df7591","match papi.log","","","","",""
"d557b5ec-7c6a-4522-9414-884f27b6bf63","match papi.log","","","","",""
"d55a12d0-2854-11f1-b73d-4220cb1a75fe","sf-test-bulk-import-leads-job","","","","",""
"d5f3cfe0-2856-11f1-b73d-4220cb1a75fe","sf-test-bulk-import-leads-job","","","","",""
"d65b7bf4-d7c8-4ed6-8208-b4a5f8b76a8c","match papi.log","","","","",""
"d68d3ed0-2858-11f1-b73d-4220cb1a75fe","sf-test-bulk-import-leads-job","","","","",""
"d6ddf450-1642-4bbb-b80f-b585adf9a8a1","match papi.log","","","","",""
"d726d4d0-285a-11f1-b73d-4220cb1a75fe","sf-test-bulk-import-leads-job","","","","",""
"d7617443-8410-45db-8e8e-a6613f701a2c","match papi.log","","","","",""
"d769a4d0-2847-11f1-b73d-4220cb1a75fe","sf-test-bulk-import-leads-job","","","","",""
"d7be36d5-ac7b-498c-8a93-b68aeb248019","match papi.log","","","","",""
"d7c06ad0-285c-11f1-b73d-4220cb1a75fe","sf-test-bulk-import-leads-job","","","","",""
"d7d2d1c9-6113-4cb9-b613-f3b2d8772855","match papi.log","","","","",""
"d8033ad0-2849-11f1-b73d-4220cb1a75fe","sf-test-bulk-import-leads-job","","","","",""
"d8173c10-93e0-4ed7-a4be-418a32c937a5","match papi.log","","","","",""
"d81e7037-71ae-4af8-bd5b-edb266b71549","match papi.log","","","","",""
"d89cd0d0-284b-11f1-b73d-4220cb1a75fe","sf-test-bulk-import-leads-job","","","","",""
"d93666d0-284d-11f1-b73d-4220cb1a75fe","sf-test-bulk-import-leads-job","","","","",""
"d9cd3912-2b24-4aea-98ef-73017466b82c","match papi.log","","","","",""
"d9cffcd0-284f-11f1-b73d-4220cb1a75fe","sf-test-bulk-import-leads-job","","","","",""
"da6992d0-2851-11f1-b73d-4220cb1a75fe","sf-test-bulk-import-leads-job","","","","",""
"da7eddd8-6505-49aa-acca-8db1c6e036bd","match papi.log","","","","",""
"db0328d0-2853-11f1-b73d-4220cb1a75fe","sf-test-bulk-import-leads-job","","","","",""
"db397791-6f74-4aef-9f63-3f02dcdf60c3","match papi.log","","","","",""
"db9cbed0-2855-11f1-b73d-4220cb1a75fe","sf-test-bulk-import-leads-job","","","","",""
"dc3654d0-2857-11f1-b73d-4220cb1a75fe","sf-test-bulk-import-leads-job","","","","",""
"dccfead0-2859-11f1-b73d-4220cb1a75fe","sf-test-bulk-import-leads-job","","","","",""
"dd69a7e0-285b-11f1-b73d-4220cb1a75fe","sf-test-bulk-import-leads-job","","","","",""
"dd952304-2a33-415f-886f-00a1368ae7b2","sf-process-api","","","","",""
"ddac50d0-2848-11f1-b73d-4220cb1a75fe","sf-test-bulk-import-leads-job","","","","",""
"de45e6d0-284a-11f1-b73d-4220cb1a75fe","sf-test-bulk-import-leads-job","","","","",""
"de606064-91ab-42c3-9256-9c1ace6613a1","match papi.log","","","","",""
"dea1a6e4-08f8-433e-b969-9f890f55dfd5","match papi.log","","","","",""
"dedf7cd0-284c-11f1-b73d-4220cb1a75fe","sf-test-bulk-import-leads-job","","","","",""
"df7912d0-284e-11f1-b73d-4220cb1a75fe","sf-test-bulk-import-leads-job","","","","",""
"df7be9f8-ecd9-4525-98dc-1583914d742a","match papi.log","","","","",""
"df7dc39a-d8c5-4fcc-be4d-930d8ab9f5e9","match papi.log","","","","",""
"e012a8d0-2850-11f1-b73d-4220cb1a75fe","sf-test-bulk-import-leads-job","","","","",""
"e0ac3ed0-2852-11f1-b73d-4220cb1a75fe","sf-test-bulk-import-leads-job","","","","",""
"e145d4d0-2854-11f1-b73d-4220cb1a75fe","sf-test-bulk-import-leads-job","","","","",""
"e1df6ad0-2856-11f1-b73d-4220cb1a75fe","sf-test-bulk-import-leads-job","","","","",""
"e27900d0-2858-11f1-b73d-4220cb1a75fe","sf-test-bulk-import-leads-job","","","","",""
"e31296d0-285a-11f1-b73d-4220cb1a75fe","sf-test-bulk-import-leads-job","","","","",""
"e355b4f0-2847-11f1-b73d-4220cb1a75fe","sf-test-bulk-import-leads-job","","","","",""
"e3ac2cd0-285c-11f1-b73d-4220cb1a75fe","sf-test-bulk-import-leads-job","","","","",""
"e3eefcd0-2849-11f1-b73d-4220cb1a75fe","sf-test-bulk-import-leads-job","","","","",""
"e45b6d04-7e7d-4c64-9a69-97a91cbbdfa4","match papi.log","","","","",""
"e469a5eb-9419-4495-b3bb-8352caccc712","match papi.log","","","","",""
"e48892d0-284b-11f1-b73d-4220cb1a75fe","sf-test-bulk-import-leads-job","","","","",""
"e4a39b9e-f120-4589-b899-2d593c9c9af4","match papi.log","","","","",""
"e52228d0-284d-11f1-b73d-4220cb1a75fe","sf-test-bulk-import-leads-job","","","","",""
"e5bbbed0-284f-11f1-b73d-4220cb1a75fe","sf-test-bulk-import-leads-job","","","","",""
"e65554d0-2851-11f1-b73d-4220cb1a75fe","sf-test-bulk-import-leads-job","","","","",""
"e6ae26a1-6b02-46e1-bfa4-c796e2f35d7c","match papi.log","","","","",""
"e6afaafd-9c78-4011-8730-08ed3b4efc36","match papi.log","","","","",""
"e6eeead0-2853-11f1-b73d-4220cb1a75fe","sf-test-bulk-import-leads-job","","","","",""
"e7216ce1-f332-4802-9894-8e6ae7707f78","match papi.log","","","","",""
"e72318c3-2d24-46ca-a7b8-5b5e0bddceab","match papi.log","","","","",""
"e7255c49-9c26-4911-939c-8b446450ecf6","match papi.log","","","","",""
"e78880d0-2855-11f1-b73d-4220cb1a75fe","sf-test-bulk-import-leads-job","","","","",""
"e82216d0-2857-11f1-b73d-4220cb1a75fe","sf-test-bulk-import-leads-job","","","","",""
"e8bbacd0-2859-11f1-b73d-4220cb1a75fe","sf-test-bulk-import-leads-job","","","","",""
"e8ee4caf-e6da-483d-8871-5d25c89cf044","match papi.log","","","","",""
"e9039b93-9ba6-4540-9bd1-d6bd4665ae90","match papi.log","","","","",""
"e95542d0-285b-11f1-b73d-4220cb1a75fe","sf-test-bulk-import-leads-job","","","","",""
"e956fee2-88e4-491b-900d-cc1d253124a9","match papi.log","","","","",""
"e99812d0-2848-11f1-b73d-4220cb1a75fe","sf-test-bulk-import-leads-job","","","","",""
"ea292906-bfc6-4d28-a2d5-6e5b6450d49d","match papi.log","","","","",""
"ea2f9ec9-c24e-4c2c-85ab-0324d507f42e","match papi.log","","","","",""
"ea31a8d0-284a-11f1-b73d-4220cb1a75fe","sf-test-bulk-import-leads-job","","","","",""
"ea362700-aa79-4b90-a150-9a0b388ae1f9","match papi.log","","","","",""
"eacb3ed0-284c-11f1-b73d-4220cb1a75fe","sf-test-bulk-import-leads-job","","","","",""
"eb64d4d0-284e-11f1-b73d-4220cb1a75fe","sf-test-bulk-import-leads-job","","","","",""
"ebfe6ad0-2850-11f1-b73d-4220cb1a75fe","sf-test-bulk-import-leads-job","","","","",""
"ec3359fb-a2c9-4f8c-93f3-55b30e585e62","match papi.log","","","","",""
"ec9800d0-2852-11f1-b73d-4220cb1a75fe","sf-test-bulk-import-leads-job","","","","",""
"ed3196d0-2854-11f1-b73d-4220cb1a75fe","sf-test-bulk-import-leads-job","","","","",""
"ed953e02-acae-466a-aa65-3d52d4214ecd","match papi.log","","","","",""
"edcb2cd0-2856-11f1-b73d-4220cb1a75fe","sf-test-bulk-import-leads-job","","","","",""
"ee64c2d0-2858-11f1-b73d-4220cb1a75fe","sf-test-bulk-import-leads-job","","","","",""
"eeff4330-285a-11f1-b73d-4220cb1a75fe","sf-test-bulk-import-leads-job","","","","",""
"ef15227e-e768-4584-8b89-fd1e12109630","match papi.log","","","","",""
"ef4128d0-2847-11f1-b73d-4220cb1a75fe","sf-test-bulk-import-leads-job","","","","",""
"ef97eed0-285c-11f1-b73d-4220cb1a75fe","sf-test-bulk-import-leads-job","","","","",""
"efdabed0-2849-11f1-b73d-4220cb1a75fe","sf-test-bulk-import-leads-job","","","","",""
"f07454d0-284b-11f1-b73d-4220cb1a75fe","sf-test-bulk-import-leads-job","","","","",""
"f105fcbb-2650-4c81-b3a9-d4c3bc659321","match papi.log","","","","",""
"f10dead0-284d-11f1-b73d-4220cb1a75fe","sf-test-bulk-import-leads-job","","","","",""
"f1a780d0-284f-11f1-b73d-4220cb1a75fe","sf-test-bulk-import-leads-job","","","","",""
"f24116d0-2851-11f1-b73d-4220cb1a75fe","sf-test-bulk-import-leads-job","","","","",""
"f2daacd0-2853-11f1-b73d-4220cb1a75fe","sf-test-bulk-import-leads-job","","","","",""
"f37442d0-2855-11f1-b73d-4220cb1a75fe","sf-test-bulk-import-leads-job","","","","",""
"f40dd8d0-2857-11f1-b73d-4220cb1a75fe","sf-test-bulk-import-leads-job","","","","",""
"f4a76ed0-2859-11f1-b73d-4220cb1a75fe","sf-test-bulk-import-leads-job","","","","",""
"f54104d0-285b-11f1-b73d-4220cb1a75fe","sf-test-bulk-import-leads-job","","","","",""
"f583d4d0-2848-11f1-b73d-4220cb1a75fe","sf-test-bulk-import-leads-job","","","","",""
"f61d6ad0-284a-11f1-b73d-4220cb1a75fe","sf-test-bulk-import-leads-job","","","","",""
"f6b700d0-284c-11f1-b73d-4220cb1a75fe","sf-test-bulk-import-leads-job","","","","",""
"f713f528-11de-4e88-ad3b-55a00adda001","match papi.log","","","","",""
"f75096d0-284e-11f1-b73d-4220cb1a75fe","sf-test-bulk-import-leads-job","","","","",""
"f7ea2cd0-2850-11f1-b73d-4220cb1a75fe","sf-test-bulk-import-leads-job","","","","",""
"f87dece0-a3f6-4453-bb6d-19904260ac94","match papi.log","","","","",""
"f883e9e0-2852-11f1-b73d-4220cb1a75fe","sf-test-bulk-import-leads-job","","","","",""
"f91d58d0-2854-11f1-b73d-4220cb1a75fe","sf-test-bulk-import-leads-job","","","","",""
"f94b2b97-4db6-4657-a708-a1bb556f032c","match papi.log","","","","",""
"f9b6eed0-2856-11f1-b73d-4220cb1a75fe","sf-test-bulk-import-leads-job","","","","",""
"fa2e5fee-1df8-4635-925a-8fd62e2843b6","match papi.log","","","","",""
"fa5084d0-2858-11f1-b73d-4220cb1a75fe","sf-test-bulk-import-leads-job","","","","",""
"faea1ad0-285a-11f1-b73d-4220cb1a75fe","sf-test-bulk-import-leads-job","","","","",""
"fb2cead0-2847-11f1-b73d-4220cb1a75fe","sf-test-bulk-import-leads-job","","","","",""
"fb83b0d0-285c-11f1-b73d-4220cb1a75fe","sf-test-bulk-import-leads-job","","","","",""
"fbafebff-8066-4788-83e7-0d792ceb871a","match papi.log","","","","",""
"fbc680d0-2849-11f1-b73d-4220cb1a75fe","sf-test-bulk-import-leads-job","","","","",""
"fbe5bd50-2af6-45d9-b944-48c34b01fbd0","match papi.log","","","","",""
"fc6016d0-284b-11f1-b73d-4220cb1a75fe","sf-test-bulk-import-leads-job","","","","",""
"fca3acbf-3a87-4ad8-95f8-f9103998abba","match papi.log","","","","",""
"fcf9acd0-284d-11f1-b73d-4220cb1a75fe","sf-test-bulk-import-leads-job","","","","",""
"fd9342d0-284f-11f1-b73d-4220cb1a75fe","sf-test-bulk-import-leads-job","","","","",""
"fe003e60-9754-4722-8338-ca1edcbb5db9","match papi.log","","","","",""
"fe2cd8d0-2851-11f1-b73d-4220cb1a75fe","sf-test-bulk-import-leads-job","","","","",""
"fec66ed0-2853-11f1-b73d-4220cb1a75fe","sf-test-bulk-import-leads-job","","","","",""
"ff6004d0-2855-11f1-b73d-4220cb1a75fe","sf-test-bulk-import-leads-job","","","","",""
"ffb1a00d-ef49-43da-9419-8a8e37ec7a23","match papi.log","","","","",""
"fff99ad0-2857-11f1-b73d-4220cb1a75fe","sf-test-bulk-import-leads-job","","","","",""
